{
  "NTProvider": {
    "types": {
      "/FMSInfo": "FMSInfo",
      "/Shuffleboard/Status Checks/Refresh": "Command",
      "/SmartDashboard/Alerts": "Alerts",
      "/SmartDashboard/Field": "Field2d"
    },
    "windows": {
      "/SmartDashboard/Field": {
        "ActivePath": {
          "arrows": false,
          "color": [
            255.0,
            255.0,
            0.0,
            255.0
          ],
          "style": "Line"
        },
        "Algae": {
          "arrows": false,
          "color": [
            0.13316994905471802,
            0.7990195751190186,
            0.7598519325256348,
            255.0
          ],
          "length": 0.40639999508857727,
          "width": 0.40639999508857727
        },
        "Autonomous Sequence": {
          "arrowColor": [
            37.499916076660156,
            0.0,
            255.0,
            255.0
          ],
          "color": [
            224.99996948242188,
            0.0,
            255.0,
            255.0
          ],
          "style": "Line"
        },
        "Robot": {
          "length": 0.7620000243186951,
          "width": 0.7620000243186951
        },
        "Swerve Modules": {
          "arrowSize": 100,
          "length": 0.20000000298023224,
          "width": 0.20000000298023224
        },
        "Target Module Poses": {
          "arrowColor": [
            225.0,
            255.0,
            0.0,
            255.0
          ],
          "arrowSize": 22,
          "arrowWeight": 2.0,
          "style": "Hidden"
        },
        "bottom": 1638,
        "builtin": "2025 Reefscape",
        "height": 8.051901817321777,
        "left": 534,
        "right": 3466,
        "top": 291,
        "width": 17.54825210571289,
        "window": {
          "visible": true
        }
      }
    }
  },
  "NetworkTables Info": {
    "Clients": {
      "open": true
    },
    "Connections": {
      "open": true
    },
    "visible": true
  },
  "NetworkTables View": {
    "visible": false
  }
}
